AccountID,CustomerID,Username,Password,PasswordHash,Balance,AccountType
0,0,user0,123,hashed_password_placeholder,49130.47,Current
1,1,user1,123,hashed_password_placeholder,10890.0,Current
2,2,user2,123,hashed_password_placeholder,1233.31,Current
3,3,user3,123,hashed_password_placeholder,18885.98,Current
4,4,user4,123,hashed_password_placeholder,45010.07,Current
5,5,user5,123,hashed_password_placeholder,25044.29,Current
6,6,user6,123,hashed_password_placeholder,42916.3,Current
7,7,user7,123,hashed_password_placeholder,14958.84,Current
8,8,user8,123,hashed_password_placeholder,41942.36,Current
9,9,user9,123,hashed_password_placeholder,6953.52,Current
10,10,user10,123,hashed_password_placeholder,41773.37,Current
11,11,user11,123,hashed_password_placeholder,14392.76,Current
12,12,user12,123,hashed_password_placeholder,9791.57,Current
13,13,user13,123,hashed_password_placeholder,44048.65,Current
14,14,user14,123,hashed_password_placeholder,42392.36,Current
15,15,user15,123,hashed_password_placeholder,18276.48,Current
16,16,user16,123,hashed_password_placeholder,43700.26,Current
17,17,user17,123,hashed_password_placeholder,41212.82,Current
18,18,user18,123,hashed_password_placeholder,25638.74,Current
19,19,user19,123,hashed_password_placeholder,26496.33,Current
20,20,user20,123,hashed_password_placeholder,11403.06,Current
21,21,user21,123,hashed_password_placeholder,8954.61,Current
22,22,user22,123,hashed_password_placeholder,32541.37,Current
23,23,user23,123,hashed_password_placeholder,30897.31,Current
24,24,user24,123,hashed_password_placeholder,13896.98,Current
25,25,user25,123,hashed_password_placeholder,13017.06,Current
26,26,user26,123,hashed_password_placeholder,13676.29,Current
27,27,user27,123,hashed_password_placeholder,47287.88,Current
28,28,user28,123,hashed_password_placeholder,25808.23,Current
29,29,user29,123,hashed_password_placeholder,47038.37,Current
30,30,user30,123,hashed_password_placeholder,19125.7,Current
31,31,user31,123,hashed_password_placeholder,4545.82,Current
32,32,user32,123,hashed_password_placeholder,26555.34,Current
33,33,user33,123,hashed_password_placeholder,21392.75,Current
34,34,user34,123,hashed_password_placeholder,21561.43,Current
35,35,user35,123,hashed_password_placeholder,3765.15,Current
36,36,user36,123,hashed_password_placeholder,10150.31,Current
37,37,user37,123,hashed_password_placeholder,34933.82,Current
38,38,user38,123,hashed_password_placeholder,24733.99,Current
39,39,user39,123,hashed_password_placeholder,42289.1,Current
40,40,user40,123,hashed_password_placeholder,26866.86,Current
41,41,user41,123,hashed_password_placeholder,2213.01,Current
42,42,user42,123,hashed_password_placeholder,4232.04,Current
43,43,user43,123,hashed_password_placeholder,42932.37,Current
44,44,user44,123,hashed_password_placeholder,33855.93,Current
45,45,user45,123,hashed_password_placeholder,29738.99,Current
46,46,user46,123,hashed_password_placeholder,23062.03,Current
47,47,user47,123,hashed_password_placeholder,10704.51,Current
48,48,user48,123,hashed_password_placeholder,26928.75,Current
49,49,user49,123,hashed_password_placeholder,9977.25,Current
50,50,user50,123,hashed_password_placeholder,44062.31,Current
51,51,user51,123,hashed_password_placeholder,47725.39,Current
52,52,user52,123,hashed_password_placeholder,46159.63,Current
53,53,user53,123,hashed_password_placeholder,22518.23,Current
54,54,user54,123,hashed_password_placeholder,40400.57,Current
55,55,user55,123,hashed_password_placeholder,40706.82,Current
56,56,user56,123,hashed_password_placeholder,27333.44,Current
57,57,user57,123,hashed_password_placeholder,6739.52,Current
58,58,user58,123,hashed_password_placeholder,15833.13,Current
59,59,user59,123,hashed_password_placeholder,13486.31,Current
60,60,user60,123,hashed_password_placeholder,41044.55,Current
61,61,user61,123,hashed_password_placeholder,15566.83,Current
62,62,user62,123,hashed_password_placeholder,4339.9,Current
63,63,user63,123,hashed_password_placeholder,10522.95,Current
64,64,user64,123,hashed_password_placeholder,46181.23,Current
65,65,user65,123,hashed_password_placeholder,31461.24,Current
66,66,user66,123,hashed_password_placeholder,23960.41,Current
67,67,user67,123,hashed_password_placeholder,4002.63,Current
68,68,user68,123,hashed_password_placeholder,16553.61,Current
69,69,user69,123,hashed_password_placeholder,34239.03,Current
70,70,user70,123,hashed_password_placeholder,8480.62,Current
71,71,user71,123,hashed_password_placeholder,27728.26,Current
72,72,user72,123,hashed_password_placeholder,46859.7,Current
73,73,user73,123,hashed_password_placeholder,31682.19,Current
74,74,user74,123,hashed_password_placeholder,25208.42,Current
75,75,user75,123,hashed_password_placeholder,16997.31,Current
76,76,user76,123,hashed_password_placeholder,35368.37,Current
77,77,user77,123,hashed_password_placeholder,11411.2,Current
78,78,user78,123,hashed_password_placeholder,23720.01,Current
79,79,user79,123,hashed_password_placeholder,13325.81,Current
80,80,user80,123,hashed_password_placeholder,1187.09,Current
81,81,user81,123,hashed_password_placeholder,31422.26,Current
82,82,user82,123,hashed_password_placeholder,9381.09,Current
83,83,user83,123,hashed_password_placeholder,34516.1,Current
84,84,user84,123,hashed_password_placeholder,42050.59,Current
85,85,user85,123,hashed_password_placeholder,44061.11,Current
86,86,user86,123,hashed_password_placeholder,27884.85,Current
87,87,user87,123,hashed_password_placeholder,27350.27,Current
88,88,user88,123,hashed_password_placeholder,22260.03,Current
89,89,user89,123,hashed_password_placeholder,5585.37,Current
90,90,user90,123,hashed_password_placeholder,29098.21,Current
91,91,user91,123,hashed_password_placeholder,29180.63,Current
92,92,user92,123,hashed_password_placeholder,6666.95,Current
93,93,user93,123,hashed_password_placeholder,33068.35,Current
94,94,user94,123,hashed_password_placeholder,28465.31,Current
95,95,user95,123,hashed_password_placeholder,24252.56,Current
96,96,user96,123,hashed_password_placeholder,24300.14,Current
97,97,user97,123,hashed_password_placeholder,9466.75,Current
98,98,user98,123,hashed_password_placeholder,49070.52,Current
99,99,user99,123,hashed_password_placeholder,45337.39,Current
